RVS,TTH,SSA,
1RVS,1TTH,1SSA,1
2RVS,2TTH,2SSA,2
3RVS,3TTH,3SSA,3
4RVS,4TTH,4SSA,4
5RVS,5TTH,5SSA,5
6RVS,6TTH,6SSA,6
7RVS,7TTH,7SSA,7
8RVS,8TTH,8SSA,8
9RVS,9TTH,9SSA,9
10RVS,10TTH,10SSA,10
11RVS,11TTH,11SSA,11
12RVS,12TTH,12SSA,12
13RVS,13TTH,13SSA,13
14RVS,14TTH,14SSA,14
15RVS,15TTH,15SSA,15
16RVS,16TTH,16SSA,16
17RVS,17TTH,17SSA,17
18RVS,18TTH,18SSA,18
19RVS,19TTH,19SSA,19
20RVS,20TTH,20SSA,20
21RVS,21TTH,21SSA,21
22RVS,22TTH,22SSA,22
23RVS,23TTH,23SSA,23
24RVS,24TTH,24SSA,24
25RVS,25TTH,25SSA,25
26RVS,26TTH,26SSA,26
27RVS,27TTH,27SSA,27
28RVS,28TTH,28SSA,28
29RVS,29TTH,29SSA,29
30RVS,30TTH,30SSA,30
31RVS,31TTH,31SSA,31
32RVS,32TTH,32SSA,32
33RVS,33TTH,33SSA,33
34RVS,34TTH,34SSA,34
35RVS,35TTH,35SSA,35
36RVS,36TTH,36SSA,36
37RVS,37TTH,37SSA,37
38RVS,38TTH,38SSA,38
39RVS,39TTH,39SSA,39
40RVS,40TTH,40SSA,40
41RVS,41TTH,41SSA,41
42RVS,42TTH,42SSA,42
43RVS,43TTH,43SSA,43
44RVS,44TTH,44SSA,44
45RVS,45TTH,45SSA,45
46RVS,46TTH,46SSA,46
47RVS,47TTH,47SSA,47
48RVS,48TTH,48SSA,48
49RVS,49TTH,49SSA,49
50RVS,50TTH,50SSA,50
51RVS,51TTH,51SSA,51
52RVS,52TTH,52SSA,52
53RVS,53TTH,53SSA,53
54RVS,54TTH,54SSA,54
55RVS,55TTH,55SSA,55
56RVS,56TTH,56SSA,56
57RVS,57TTH,57SSA,57
58RVS,58TTH,58SSA,58
59RVS,59TTH,59SSA,59
60RVS,60TTH,60SSA,60
61RVS,61TTH,61SSA,61
62RVS,62TTH,62SSA,62
63RVS,63TTH,63SSA,63
64RVS,64TTH,64SSA,64
65RVS,65TTH,65SSA,65
66RVS,66TTH,66SSA,66
67RVS,67TTH,67SSA,67
68RVS,68TTH,68SSA,68
69RVS,69TTH,69SSA,69
70RVS,70TTH,70SSA,70
71RVS,71TTH,71SSA,71
72RVS,72TTH,72SSA,72
73RVS,73TTH,73SSA,73
74RVS,74TTH,74SSA,74
75RVS,75TTH,75SSA,75
76RVS,76TTH,76SSA,76
77RVS,77TTH,77SSA,77
78RVS,78TTH,78SSA,78
79RVS,79TTH,79SSA,79
80RVS,80TTH,80SSA,80
81RVS,81TTH,81SSA,81
82RVS,82TTH,82SSA,82
83RVS,83TTH,83SSA,83
84RVS,84TTH,84SSA,84
85RVS,85TTH,85SSA,85
86RVS,86TTH,86SSA,86
87RVS,87TTH,87SSA,87
88RVS,88TTH,88SSA,88
89RVS,89TTH,89SSA,89
90RVS,90TTH,90SSA,90
91RVS,91TTH,91SSA,91
92RVS,92TTH,92SSA,92
93RVS,93TTH,93SSA,93
94RVS,94TTH,94SSA,94
95RVS,95TTH,95SSA,95
96RVS,96TTH,96SSA,96
97RVS,97TTH,97SSA,97
98RVS,98TTH,98SSA,98
99RVS,99TTH,99SSA,99
100RVS,100TTH,100SSA,100
101RVS,101TTH,101SSA,101
102RVS,102TTH,102SSA,102
103RVS,103TTH,103SSA,103
104RVS,104TTH,104SSA,104
105RVS,105TTH,105SSA,105
106RVS,106TTH,106SSA,106
107RVS,107TTH,107SSA,107
108RVS,108TTH,108SSA,108
109RVS,109TTH,109SSA,109
110RVS,110TTH,110SSA,110
111RVS,111TTH,111SSA,111
112RVS,112TTH,112SSA,112
113RVS,113TTH,113SSA,113
114RVS,114TTH,114SSA,114
115RVS,115TTH,115SSA,115
116RVS,116TTH,116SSA,116
117RVS,117TTH,117SSA,117
118RVS,118TTH,118SSA,118
119RVS,119TTH,119SSA,119
120RVS,120TTH,120SSA,120
121RVS,121TTH,121SSA,121
122RVS,122TTH,122SSA,122
123RVS,123TTH,123SSA,123
124RVS,124TTH,124SSA,124
125RVS,125TTH,125SSA,125
126RVS,126TTH,126SSA,126
127RVS,127TTH,127SSA,127
128RVS,128TTH,128SSA,128
129RVS,129TTH,129SSA,129
130RVS,130TTH,130SSA,130
131RVS,131TTH,131SSA,131
132RVS,132TTH,132SSA,132
133RVS,133TTH,133SSA,133
134RVS,134TTH,134SSA,134
135RVS,135TTH,135SSA,135
136RVS,136TTH,136SSA,136
137RVS,137TTH,137SSA,137
138RVS,138TTH,138SSA,138
139RVS,139TTH,139SSA,139
140RVS,140TTH,140SSA,140
141RVS,141TTH,141SSA,141
142RVS,142TTH,142SSA,142
143RVS,143TTH,143SSA,143
144RVS,144TTH,144SSA,144
145RVS,145TTH,145SSA,145
146RVS,146TTH,146SSA,146
147RVS,147TTH,147SSA,147
148RVS,148TTH,148SSA,148
149RVS,149TTH,149SSA,149
150RVS,150TTH,150SSA,150
151RVS,151TTH,151SSA,151
152RVS,152TTH,152SSA,152
153RVS,153TTH,153SSA,153
154RVS,154TTH,154SSA,154
155RVS,155TTH,155SSA,155
156RVS,156TTH,156SSA,156
157RVS,157TTH,157SSA,157
158RVS,158TTH,158SSA,158
159RVS,159TTH,159SSA,159
160RVS,160TTH,160SSA,160
161RVS,161TTH,161SSA,161
162RVS,162TTH,162SSA,162
163RVS,163TTH,163SSA,163
164RVS,164TTH,164SSA,164
165RVS,165TTH,165SSA,165
166RVS,166TTH,166SSA,166
167RVS,167TTH,167SSA,167
168RVS,168TTH,168SSA,168
169RVS,169TTH,169SSA,169
170RVS,170TTH,170SSA,170
171RVS,171TTH,171SSA,171
172RVS,172TTH,172SSA,172
173RVS,173TTH,173SSA,173
174RVS,174TTH,174SSA,174
175RVS,175TTH,175SSA,175
176RVS,176TTH,176SSA,176
177RVS,177TTH,177SSA,177
178RVS,178TTH,178SSA,178
179RVS,179TTH,179SSA,179
180RVS,180TTH,180SSA,180
181RVS,181TTH,181SSA,181
182RVS,182TTH,182SSA,182
183RVS,183TTH,183SSA,183
184RVS,184TTH,184SSA,184
185RVS,185TTH,185SSA,185
186RVS,186TTH,186SSA,186
187RVS,187TTH,187SSA,187
188RVS,188TTH,188SSA,188
189RVS,189TTH,189SSA,189
190RVS,190TTH,190SSA,190
191RVS,191TTH,191SSA,191
192RVS,192TTH,192SSA,192
193RVS,193TTH,193SSA,193
194RVS,194TTH,194SSA,194
195RVS,195TTH,195SSA,195
196RVS,196TTH,196SSA,196
197RVS,197TTH,197SSA,197
198RVS,198TTH,198SSA,198
199RVS,199TTH,199SSA,199
200RVS,200TTH,200SSA,200
201RVS,201TTH,201SSA,201
202RVS,202TTH,202SSA,202
203RVS,203TTH,203SSA,203
204RVS,204TTH,204SSA,204
205RVS,205TTH,205SSA,205
206RVS,206TTH,206SSA,206
207RVS,207TTH,207SSA,207
208RVS,208TTH,208SSA,208
209RVS,209TTH,209SSA,209
210RVS,210TTH,210SSA,210
211RVS,211TTH,211SSA,211
212RVS,212TTH,212SSA,212
213RVS,213TTH,213SSA,213
214RVS,214TTH,214SSA,214
215RVS,215TTH,215SSA,215
216RVS,216TTH,216SSA,216
217RVS,217TTH,217SSA,217
218RVS,218TTH,218SSA,218
219RVS,219TTH,219SSA,219
220RVS,220TTH,220SSA,220
221RVS,221TTH,221SSA,221
222RVS,222TTH,222SSA,222
223RVS,223TTH,223SSA,223
224RVS,224TTH,224SSA,224
225RVS,225TTH,225SSA,225
226RVS,226TTH,226SSA,226
227RVS,227TTH,227SSA,227
228RVS,228TTH,228SSA,228
229RVS,229TTH,229SSA,229
230RVS,230TTH,230SSA,230
231RVS,231TTH,231SSA,231
232RVS,232TTH,232SSA,232
233RVS,233TTH,233SSA,233
234RVS,234TTH,234SSA,234
235RVS,235TTH,235SSA,235
236RVS,236TTH,236SSA,236
237RVS,237TTH,237SSA,237
238RVS,238TTH,238SSA,238
239RVS,239TTH,239SSA,239
240RVS,240TTH,240SSA,240
241RVS,241TTH,241SSA,241
242RVS,242TTH,242SSA,242
243RVS,243TTH,243SSA,243
244RVS,244TTH,244SSA,244
245RVS,245TTH,245SSA,245
246RVS,246TTH,246SSA,246
247RVS,247TTH,247SSA,247
248RVS,248TTH,248SSA,248
249RVS,249TTH,249SSA,249
250RVS,250TTH,250SSA,250
251RVS,251TTH,251SSA,251
252RVS,252TTH,252SSA,252
253RVS,253TTH,253SSA,253
254RVS,254TTH,254SSA,254
255RVS,255TTH,255SSA,255
256RVS,256TTH,256SSA,256
257RVS,257TTH,257SSA,257
258RVS,258TTH,258SSA,258
259RVS,259TTH,259SSA,259
260RVS,260TTH,260SSA,260
261RVS,261TTH,261SSA,261
262RVS,262TTH,262SSA,262
263RVS,263TTH,263SSA,263
264RVS,264TTH,264SSA,264
265RVS,265TTH,265SSA,265
266RVS,266TTH,266SSA,266
267RVS,267TTH,267SSA,267
268RVS,268TTH,268SSA,268
269RVS,269TTH,269SSA,269
270RVS,270TTH,270SSA,270
271RVS,271TTH,271SSA,271
272RVS,272TTH,272SSA,272
273RVS,273TTH,273SSA,273
274RVS,274TTH,274SSA,274
275RVS,275TTH,275SSA,275
276RVS,276TTH,276SSA,276
277RVS,277TTH,277SSA,277
278RVS,278TTH,278SSA,278
279RVS,279TTH,279SSA,279
280RVS,280TTH,280SSA,280
281RVS,281TTH,281SSA,281
282RVS,282TTH,282SSA,282
283RVS,283TTH,283SSA,283
284RVS,284TTH,284SSA,284
285RVS,285TTH,285SSA,285
286RVS,286TTH,286SSA,286
287RVS,287TTH,287SSA,287
288RVS,288TTH,288SSA,288
289RVS,289TTH,289SSA,289
290RVS,290TTH,290SSA,290
291RVS,291TTH,291SSA,291
292RVS,292TTH,292SSA,292
293RVS,293TTH,293SSA,293
294RVS,294TTH,294SSA,294
295RVS,295TTH,295SSA,295
296RVS,296TTH,296SSA,296
297RVS,297TTH,297SSA,297
298RVS,298TTH,298SSA,298
299RVS,299TTH,299SSA,299
300RVS,300TTH,300SSA,300
301RVS,301TTH,301SSA,301
302RVS,302TTH,302SSA,302
303RVS,303TTH,303SSA,303
304RVS,304TTH,304SSA,304
305RVS,305TTH,305SSA,305
306RVS,306TTH,306SSA,306
307RVS,307TTH,307SSA,307
308RVS,308TTH,308SSA,308
309RVS,309TTH,309SSA,309
310RVS,310TTH,310SSA,310
311RVS,311TTH,311SSA,311
312RVS,312TTH,312SSA,312
313RVS,313TTH,313SSA,313
314RVS,314TTH,314SSA,314
315RVS,315TTH,315SSA,315
316RVS,316TTH,316SSA,316
317RVS,317TTH,317SSA,317
318RVS,318TTH,318SSA,318
319RVS,319TTH,319SSA,319
320RVS,320TTH,320SSA,320
321RVS,321TTH,321SSA,321
322RVS,322TTH,322SSA,322
323RVS,323TTH,323SSA,323
324RVS,324TTH,324SSA,324
325RVS,325TTH,325SSA,325
326RVS,326TTH,326SSA,326
327RVS,327TTH,327SSA,327
328RVS,328TTH,328SSA,328
329RVS,329TTH,329SSA,329
330RVS,330TTH,330SSA,330
331RVS,331TTH,331SSA,331
332RVS,332TTH,332SSA,332
333RVS,333TTH,333SSA,333
334RVS,334TTH,334SSA,334
335RVS,335TTH,335SSA,335
336RVS,336TTH,336SSA,336
337RVS,337TTH,337SSA,337
338RVS,338TTH,338SSA,338
339RVS,339TTH,339SSA,339
340RVS,340TTH,340SSA,340
341RVS,341TTH,341SSA,341
342RVS,342TTH,342SSA,342
343RVS,343TTH,343SSA,343
344RVS,344TTH,344SSA,344
345RVS,345TTH,345SSA,345
346RVS,346TTH,346SSA,346
347RVS,347TTH,347SSA,347
348RVS,348TTH,348SSA,348
349RVS,349TTH,349SSA,349
350RVS,350TTH,350SSA,350
351RVS,351TTH,351SSA,351
352RVS,352TTH,352SSA,352
353RVS,353TTH,353SSA,353
354RVS,354TTH,354SSA,354
355RVS,355TTH,355SSA,355
356RVS,356TTH,356SSA,356
357RVS,357TTH,357SSA,357
358RVS,358TTH,358SSA,358
359RVS,359TTH,359SSA,359
360RVS,360TTH,360SSA,360
361RVS,361TTH,361SSA,361
362RVS,362TTH,362SSA,362
363RVS,363TTH,363SSA,363
364RVS,364TTH,364SSA,364
365RVS,365TTH,365SSA,365
366RVS,366TTH,366SSA,366
367RVS,367TTH,367SSA,367
368RVS,368TTH,368SSA,368
369RVS,369TTH,369SSA,369
370RVS,370TTH,370SSA,370
371RVS,371TTH,371SSA,371
372RVS,372TTH,372SSA,372
373RVS,373TTH,373SSA,373
374RVS,374TTH,374SSA,374
375RVS,375TTH,375SSA,375
376RVS,376TTH,376SSA,376
377RVS,377TTH,377SSA,377
378RVS,378TTH,378SSA,378
379RVS,379TTH,379SSA,379
380RVS,380TTH,380SSA,380
381RVS,381TTH,381SSA,381
382RVS,382TTH,382SSA,382
383RVS,383TTH,383SSA,383
384RVS,384TTH,384SSA,384
385RVS,385TTH,385SSA,385
386RVS,386TTH,386SSA,386
387RVS,387TTH,387SSA,387
388RVS,388TTH,388SSA,388
389RVS,389TTH,389SSA,389
390RVS,390TTH,390SSA,390
391RVS,391TTH,391SSA,391
392RVS,392TTH,392SSA,392
393RVS,393TTH,393SSA,393
394RVS,394TTH,394SSA,394
395RVS,395TTH,395SSA,395
396RVS,396TTH,396SSA,396
397RVS,397TTH,397SSA,397
398RVS,398TTH,398SSA,398
399RVS,399TTH,399SSA,399
400RVS,400TTH,400SSA,400
401RVS,401TTH,401SSA,401
402RVS,402TTH,402SSA,402
403RVS,403TTH,403SSA,403
404RVS,404TTH,404SSA,404
405RVS,405TTH,405SSA,405
406RVS,406TTH,406SSA,406
407RVS,407TTH,407SSA,407
408RVS,408TTH,408SSA,408
409RVS,409TTH,409SSA,409
410RVS,410TTH,410SSA,410
411RVS,411TTH,411SSA,411
412RVS,412TTH,412SSA,412
413RVS,413TTH,413SSA,413
414RVS,414TTH,414SSA,414
415RVS,415TTH,415SSA,415
416RVS,416TTH,416SSA,416
417RVS,417TTH,417SSA,417
418RVS,418TTH,418SSA,418
419RVS,419TTH,419SSA,419
420RVS,420TTH,420SSA,420
421RVS,421TTH,421SSA,421
422RVS,422TTH,422SSA,422
423RVS,423TTH,423SSA,423
424RVS,424TTH,424SSA,424
425RVS,425TTH,425SSA,425
426RVS,426TTH,426SSA,426
427RVS,427TTH,427SSA,427
428RVS,428TTH,428SSA,428
429RVS,429TTH,429SSA,429
430RVS,430TTH,430SSA,430
431RVS,431TTH,431SSA,431
432RVS,432TTH,432SSA,432
433RVS,433TTH,433SSA,433
434RVS,434TTH,434SSA,434
435RVS,435TTH,435SSA,435
436RVS,436TTH,436SSA,436
437RVS,437TTH,437SSA,437
438RVS,438TTH,438SSA,438
439RVS,439TTH,439SSA,439
440RVS,440TTH,440SSA,440
441RVS,441TTH,441SSA,441
442RVS,442TTH,442SSA,442
443RVS,443TTH,443SSA,443
444RVS,444TTH,444SSA,444
445RVS,445TTH,445SSA,445
446RVS,446TTH,446SSA,446
447RVS,447TTH,447SSA,447
448RVS,448TTH,448SSA,448
449RVS,449TTH,449SSA,449
450RVS,450TTH,450SSA,450
451RVS,451TTH,451SSA,451
452RVS,452TTH,452SSA,452
453RVS,453TTH,453SSA,453
454RVS,454TTH,454SSA,454
455RVS,455TTH,455SSA,455
456RVS,456TTH,456SSA,456
457RVS,457TTH,457SSA,457
458RVS,458TTH,458SSA,458
459RVS,459TTH,459SSA,459
460RVS,460TTH,460SSA,460
461RVS,461TTH,461SSA,461
462RVS,462TTH,462SSA,462
463RVS,463TTH,463SSA,463
464RVS,464TTH,464SSA,464
465RVS,465TTH,465SSA,465
466RVS,466TTH,466SSA,466
467RVS,467TTH,467SSA,467
468RVS,468TTH,468SSA,468
469RVS,469TTH,469SSA,469
470RVS,470TTH,470SSA,470
471RVS,471TTH,471SSA,471
472RVS,472TTH,472SSA,472
473RVS,473TTH,473SSA,473
474RVS,474TTH,474SSA,474
475RVS,475TTH,475SSA,475
476RVS,476TTH,476SSA,476
477RVS,477TTH,477SSA,477
478RVS,478TTH,478SSA,478
479RVS,479TTH,479SSA,479
480RVS,480TTH,480SSA,480
481RVS,481TTH,481SSA,481
482RVS,482TTH,482SSA,482
483RVS,483TTH,483SSA,483
484RVS,484TTH,484SSA,484
485RVS,485TTH,485SSA,485
486RVS,486TTH,486SSA,486
487RVS,487TTH,487SSA,487
488RVS,488TTH,488SSA,488
489RVS,489TTH,489SSA,489
490RVS,490TTH,490SSA,490
491RVS,491TTH,491SSA,491
492RVS,492TTH,492SSA,492
493RVS,493TTH,493SSA,493
494RVS,494TTH,494SSA,494
495RVS,495TTH,495SSA,495
496RVS,496TTH,496SSA,496
497RVS,497TTH,497SSA,497
498RVS,498TTH,498SSA,498
499RVS,499TTH,499SSA,499
500RVS,500TTH,500SSA,500
501RVS,501TTH,501SSA,501
502RVS,502TTH,502SSA,502
503RVS,503TTH,503SSA,503
504RVS,504TTH,504SSA,504
505RVS,505TTH,505SSA,505
506RVS,506TTH,506SSA,506
507RVS,507TTH,507SSA,507
508RVS,508TTH,508SSA,508
509RVS,509TTH,509SSA,509
510RVS,510TTH,510SSA,510
511RVS,511TTH,511SSA,511
512RVS,512TTH,512SSA,512
513RVS,513TTH,513SSA,513
514RVS,514TTH,514SSA,514
515RVS,515TTH,515SSA,515
516RVS,516TTH,516SSA,516
517RVS,517TTH,517SSA,517
518RVS,518TTH,518SSA,518
519RVS,519TTH,519SSA,519
520RVS,520TTH,520SSA,520
521RVS,521TTH,521SSA,521
522RVS,522TTH,522SSA,522
523RVS,523TTH,523SSA,523
524RVS,524TTH,524SSA,524
525RVS,525TTH,525SSA,525
526RVS,526TTH,526SSA,526
527RVS,527TTH,527SSA,527
528RVS,528TTH,528SSA,528
529RVS,529TTH,529SSA,529
530RVS,530TTH,530SSA,530
531RVS,531TTH,531SSA,531
532RVS,532TTH,532SSA,532
533RVS,533TTH,533SSA,533
534RVS,534TTH,534SSA,534
535RVS,535TTH,535SSA,535
536RVS,536TTH,536SSA,536
537RVS,537TTH,537SSA,537
538RVS,538TTH,538SSA,538
539RVS,539TTH,539SSA,539
540RVS,540TTH,540SSA,540
541RVS,541TTH,541SSA,541
542RVS,542TTH,542SSA,542
543RVS,543TTH,543SSA,543
544RVS,544TTH,544SSA,544
545RVS,545TTH,545SSA,545
546RVS,546TTH,546SSA,546
547RVS,547TTH,547SSA,547
548RVS,548TTH,548SSA,548
549RVS,549TTH,549SSA,549
550RVS,550TTH,550SSA,550
551RVS,551TTH,551SSA,551
552RVS,552TTH,552SSA,552
553RVS,553TTH,553SSA,553
554RVS,554TTH,554SSA,554
555RVS,555TTH,555SSA,555
556RVS,556TTH,556SSA,556
557RVS,557TTH,557SSA,557
558RVS,558TTH,558SSA,558
559RVS,559TTH,559SSA,559
560RVS,560TTH,560SSA,560
561RVS,561TTH,561SSA,561
562RVS,562TTH,562SSA,562
563RVS,563TTH,563SSA,563
564RVS,564TTH,564SSA,564
565RVS,565TTH,565SSA,565
566RVS,566TTH,566SSA,566
567RVS,567TTH,567SSA,567
568RVS,568TTH,568SSA,568
569RVS,569TTH,569SSA,569
570RVS,570TTH,570SSA,570
571RVS,571TTH,571SSA,571
572RVS,572TTH,572SSA,572
573RVS,573TTH,573SSA,573
574RVS,574TTH,574SSA,574
575RVS,575TTH,575SSA,575
576RVS,576TTH,576SSA,576
577RVS,577TTH,577SSA,577
578RVS,578TTH,578SSA,578
579RVS,579TTH,579SSA,579
580RVS,580TTH,580SSA,580
581RVS,581TTH,581SSA,581
582RVS,582TTH,582SSA,582
583RVS,583TTH,583SSA,583
584RVS,584TTH,584SSA,584
585RVS,585TTH,585SSA,585
586RVS,586TTH,586SSA,586
587RVS,587TTH,587SSA,587
588RVS,588TTH,588SSA,588
589RVS,589TTH,589SSA,589
590RVS,590TTH,590SSA,590
591RVS,591TTH,591SSA,591
592RVS,592TTH,592SSA,592
593RVS,593TTH,593SSA,593
594RVS,594TTH,594SSA,594
595RVS,595TTH,595SSA,595
596RVS,596TTH,596SSA,596
597RVS,597TTH,597SSA,597
598RVS,598TTH,598SSA,598
599RVS,599TTH,599SSA,599
600RVS,600TTH,600SSA,600
601RVS,601TTH,601SSA,601
602RVS,602TTH,602SSA,602
603RVS,603TTH,603SSA,603
604RVS,604TTH,604SSA,604
605RVS,605TTH,605SSA,605
606RVS,606TTH,606SSA,606
607RVS,607TTH,607SSA,607
608RVS,608TTH,608SSA,608
609RVS,609TTH,609SSA,609
610RVS,610TTH,610SSA,610
611RVS,611TTH,611SSA,611
612RVS,612TTH,612SSA,612
613RVS,613TTH,613SSA,613
614RVS,614TTH,614SSA,614
615RVS,615TTH,615SSA,615
616RVS,616TTH,616SSA,616
617RVS,617TTH,617SSA,617
618RVS,618TTH,618SSA,618
619RVS,619TTH,619SSA,619
620RVS,620TTH,620SSA,620
621RVS,621TTH,621SSA,621
622RVS,622TTH,622SSA,622
623RVS,623TTH,623SSA,623
624RVS,624TTH,624SSA,624
625RVS,625TTH,625SSA,625
626RVS,626TTH,626SSA,626
627RVS,627TTH,627SSA,627
628RVS,628TTH,628SSA,628
629RVS,629TTH,629SSA,629
630RVS,630TTH,630SSA,630
631RVS,631TTH,631SSA,631
632RVS,632TTH,632SSA,632
633RVS,633TTH,633SSA,633
634RVS,634TTH,634SSA,634
635RVS,635TTH,635SSA,635
636RVS,636TTH,636SSA,636
637RVS,637TTH,637SSA,637
638RVS,638TTH,638SSA,638
639RVS,639TTH,639SSA,639
640RVS,640TTH,640SSA,640
641RVS,641TTH,641SSA,641
642RVS,642TTH,642SSA,642
643RVS,643TTH,643SSA,643
644RVS,644TTH,644SSA,644
645RVS,645TTH,645SSA,645
646RVS,646TTH,646SSA,646
647RVS,647TTH,647SSA,647
648RVS,648TTH,648SSA,648
649RVS,649TTH,649SSA,649
650RVS,650TTH,650SSA,650
651RVS,651TTH,651SSA,651
652RVS,652TTH,652SSA,652
653RVS,653TTH,653SSA,653
654RVS,654TTH,654SSA,654
655RVS,655TTH,655SSA,655
656RVS,656TTH,656SSA,656
657RVS,657TTH,657SSA,657
658RVS,658TTH,658SSA,658
659RVS,659TTH,659SSA,659
660RVS,660TTH,660SSA,660
661RVS,661TTH,661SSA,661
662RVS,662TTH,662SSA,662
663RVS,663TTH,663SSA,663
664RVS,664TTH,664SSA,664
665RVS,665TTH,665SSA,665
666RVS,666TTH,666SSA,666
667RVS,667TTH,667SSA,667
668RVS,668TTH,668SSA,668
669RVS,669TTH,669SSA,669
670RVS,670TTH,670SSA,670
671RVS,671TTH,671SSA,671
672RVS,672TTH,672SSA,672
673RVS,673TTH,673SSA,673
674RVS,674TTH,674SSA,674
675RVS,675TTH,675SSA,675
676RVS,676TTH,676SSA,676
677RVS,677TTH,677SSA,677
678RVS,678TTH,678SSA,678
679RVS,679TTH,679SSA,679
680RVS,680TTH,680SSA,680
681RVS,681TTH,681SSA,681
682RVS,682TTH,682SSA,682
683RVS,683TTH,683SSA,683
684RVS,684TTH,684SSA,684
685RVS,685TTH,685SSA,685
686RVS,686TTH,686SSA,686
687RVS,687TTH,687SSA,687
688RVS,688TTH,688SSA,688
689RVS,689TTH,689SSA,689
690RVS,690TTH,690SSA,690
691RVS,691TTH,691SSA,691
692RVS,692TTH,692SSA,692
693RVS,693TTH,693SSA,693
694RVS,694TTH,694SSA,694
695RVS,695TTH,695SSA,695
696RVS,696TTH,696SSA,696
697RVS,697TTH,697SSA,697
698RVS,698TTH,698SSA,698
699RVS,699TTH,699SSA,699
700RVS,700TTH,700SSA,700
701RVS,701TTH,701SSA,701
702RVS,702TTH,702SSA,702
703RVS,703TTH,703SSA,703
704RVS,704TTH,704SSA,704
705RVS,705TTH,705SSA,705
706RVS,706TTH,706SSA,706
707RVS,707TTH,707SSA,707
708RVS,708TTH,708SSA,708
709RVS,709TTH,709SSA,709
710RVS,710TTH,710SSA,710
711RVS,711TTH,711SSA,711
712RVS,712TTH,712SSA,712
713RVS,713TTH,713SSA,713
714RVS,714TTH,714SSA,714
715RVS,715TTH,715SSA,715
716RVS,716TTH,716SSA,716
717RVS,717TTH,717SSA,717
718RVS,718TTH,718SSA,718
719RVS,719TTH,719SSA,719
720RVS,720TTH,720SSA,720
721RVS,721TTH,721SSA,721
722RVS,722TTH,722SSA,722
723RVS,723TTH,723SSA,723
724RVS,724TTH,724SSA,724
725RVS,725TTH,725SSA,725
726RVS,726TTH,726SSA,726
727RVS,727TTH,727SSA,727
728RVS,728TTH,728SSA,728
729RVS,729TTH,729SSA,729
730RVS,730TTH,730SSA,730
731RVS,731TTH,731SSA,731
732RVS,732TTH,732SSA,732
733RVS,733TTH,733SSA,733
734RVS,734TTH,734SSA,734
735RVS,735TTH,735SSA,735
736RVS,736TTH,736SSA,736
737RVS,737TTH,737SSA,737
738RVS,738TTH,738SSA,738
739RVS,739TTH,739SSA,739
740RVS,740TTH,740SSA,740
741RVS,741TTH,741SSA,741
742RVS,742TTH,742SSA,742
743RVS,743TTH,743SSA,743
744RVS,744TTH,744SSA,744
745RVS,745TTH,745SSA,745
746RVS,746TTH,746SSA,746
747RVS,747TTH,747SSA,747
748RVS,748TTH,748SSA,748
749RVS,749TTH,749SSA,749
750RVS,750TTH,750SSA,750
751RVS,751TTH,751SSA,751
752RVS,752TTH,752SSA,752
753RVS,753TTH,753SSA,753
754RVS,754TTH,754SSA,754
755RVS,755TTH,755SSA,755
756RVS,756TTH,756SSA,756
757RVS,757TTH,757SSA,757
758RVS,758TTH,758SSA,758
759RVS,759TTH,759SSA,759
760RVS,760TTH,760SSA,760
761RVS,761TTH,761SSA,761
762RVS,762TTH,762SSA,762
763RVS,763TTH,763SSA,763
764RVS,764TTH,764SSA,764
765RVS,765TTH,765SSA,765
766RVS,766TTH,766SSA,766
767RVS,767TTH,767SSA,767
768RVS,768TTH,768SSA,768
769RVS,769TTH,769SSA,769
770RVS,770TTH,770SSA,770
771RVS,771TTH,771SSA,771
772RVS,772TTH,772SSA,772
773RVS,773TTH,773SSA,773
774RVS,774TTH,774SSA,774
775RVS,775TTH,775SSA,775
776RVS,776TTH,776SSA,776
777RVS,777TTH,777SSA,777
778RVS,778TTH,778SSA,778
779RVS,779TTH,779SSA,779
780RVS,780TTH,780SSA,780
781RVS,781TTH,781SSA,781
782RVS,782TTH,782SSA,782
783RVS,783TTH,783SSA,783
784RVS,784TTH,784SSA,784
785RVS,785TTH,785SSA,785
786RVS,786TTH,786SSA,786
787RVS,787TTH,787SSA,787
788RVS,788TTH,788SSA,788
789RVS,789TTH,789SSA,789
790RVS,790TTH,790SSA,790
791RVS,791TTH,791SSA,791
792RVS,792TTH,792SSA,792
793RVS,793TTH,793SSA,793
794RVS,794TTH,794SSA,794
795RVS,795TTH,795SSA,795
796RVS,796TTH,796SSA,796
797RVS,797TTH,797SSA,797
798RVS,798TTH,798SSA,798
799RVS,799TTH,799SSA,799
800RVS,800TTH,800SSA,800
801RVS,801TTH,801SSA,801
802RVS,802TTH,802SSA,802
803RVS,803TTH,803SSA,803
804RVS,804TTH,804SSA,804
805RVS,805TTH,805SSA,805
806RVS,806TTH,806SSA,806
807RVS,807TTH,807SSA,807
808RVS,808TTH,808SSA,808
809RVS,809TTH,809SSA,809
810RVS,810TTH,810SSA,810
811RVS,811TTH,811SSA,811
812RVS,812TTH,812SSA,812
813RVS,813TTH,813SSA,813
814RVS,814TTH,814SSA,814
815RVS,815TTH,815SSA,815
816RVS,816TTH,816SSA,816
817RVS,817TTH,817SSA,817
818RVS,818TTH,818SSA,818
819RVS,819TTH,819SSA,819
820RVS,820TTH,820SSA,820
821RVS,821TTH,821SSA,821
822RVS,822TTH,822SSA,822
823RVS,823TTH,823SSA,823
824RVS,824TTH,824SSA,824
825RVS,825TTH,825SSA,825
826RVS,826TTH,826SSA,826
827RVS,827TTH,827SSA,827
828RVS,828TTH,828SSA,828
829RVS,829TTH,829SSA,829
830RVS,830TTH,830SSA,830
831RVS,831TTH,831SSA,831
832RVS,832TTH,832SSA,832
833RVS,833TTH,833SSA,833
834RVS,834TTH,834SSA,834
835RVS,835TTH,835SSA,835
836RVS,836TTH,836SSA,836
837RVS,837TTH,837SSA,837
838RVS,838TTH,838SSA,838
839RVS,839TTH,839SSA,839
840RVS,840TTH,840SSA,840
841RVS,841TTH,841SSA,841
842RVS,842TTH,842SSA,842
843RVS,843TTH,843SSA,843
844RVS,844TTH,844SSA,844
845RVS,845TTH,845SSA,845
846RVS,846TTH,846SSA,846
847RVS,847TTH,847SSA,847
848RVS,848TTH,848SSA,848
849RVS,849TTH,849SSA,849
850RVS,850TTH,850SSA,850
851RVS,851TTH,851SSA,851
852RVS,852TTH,852SSA,852
853RVS,853TTH,853SSA,853
854RVS,854TTH,854SSA,854
855RVS,855TTH,855SSA,855
856RVS,856TTH,856SSA,856
857RVS,857TTH,857SSA,857
858RVS,858TTH,858SSA,858
859RVS,859TTH,859SSA,859
860RVS,860TTH,860SSA,860
861RVS,861TTH,861SSA,861
862RVS,862TTH,862SSA,862
863RVS,863TTH,863SSA,863
864RVS,864TTH,864SSA,864
865RVS,865TTH,865SSA,865
866RVS,866TTH,866SSA,866
867RVS,867TTH,867SSA,867
868RVS,868TTH,868SSA,868
869RVS,869TTH,869SSA,869
870RVS,870TTH,870SSA,870
871RVS,871TTH,871SSA,871
872RVS,872TTH,872SSA,872
873RVS,873TTH,873SSA,873
874RVS,874TTH,874SSA,874
875RVS,875TTH,875SSA,875
876RVS,876TTH,876SSA,876
877RVS,877TTH,877SSA,877
878RVS,878TTH,878SSA,878
879RVS,879TTH,879SSA,879
880RVS,880TTH,880SSA,880
881RVS,881TTH,881SSA,881
882RVS,882TTH,882SSA,882
883RVS,883TTH,883SSA,883
884RVS,884TTH,884SSA,884
885RVS,885TTH,885SSA,885
886RVS,886TTH,886SSA,886
887RVS,887TTH,887SSA,887
888RVS,888TTH,888SSA,888
889RVS,889TTH,889SSA,889
890RVS,890TTH,890SSA,890
891RVS,891TTH,891SSA,891
892RVS,892TTH,892SSA,892
893RVS,893TTH,893SSA,893
894RVS,894TTH,894SSA,894
895RVS,895TTH,895SSA,895
896RVS,896TTH,896SSA,896
897RVS,897TTH,897SSA,897
898RVS,898TTH,898SSA,898
899RVS,899TTH,899SSA,899
900RVS,900TTH,900SSA,900
901RVS,901TTH,901SSA,901
902RVS,902TTH,902SSA,902
903RVS,903TTH,903SSA,903
904RVS,904TTH,904SSA,904
905RVS,905TTH,905SSA,905
906RVS,906TTH,906SSA,906
907RVS,907TTH,907SSA,907
908RVS,908TTH,908SSA,908
909RVS,909TTH,909SSA,909
910RVS,910TTH,910SSA,910
911RVS,911TTH,911SSA,911
912RVS,912TTH,912SSA,912
913RVS,913TTH,913SSA,913
914RVS,914TTH,914SSA,914
915RVS,915TTH,915SSA,915
916RVS,916TTH,916SSA,916
917RVS,917TTH,917SSA,917
918RVS,918TTH,918SSA,918
919RVS,919TTH,919SSA,919
920RVS,920TTH,920SSA,920
921RVS,921TTH,921SSA,921
922RVS,922TTH,922SSA,922
923RVS,923TTH,923SSA,923
924RVS,924TTH,924SSA,924
925RVS,925TTH,925SSA,925
926RVS,926TTH,926SSA,926
927RVS,927TTH,927SSA,927
928RVS,928TTH,928SSA,928
929RVS,929TTH,929SSA,929
930RVS,930TTH,930SSA,930
931RVS,931TTH,931SSA,931
932RVS,932TTH,932SSA,932
933RVS,933TTH,933SSA,933
934RVS,934TTH,934SSA,934
935RVS,935TTH,935SSA,935
936RVS,936TTH,936SSA,936
937RVS,937TTH,937SSA,937
938RVS,938TTH,938SSA,938
939RVS,939TTH,939SSA,939
940RVS,940TTH,940SSA,940
941RVS,941TTH,941SSA,941
942RVS,942TTH,942SSA,942
943RVS,943TTH,943SSA,943
944RVS,944TTH,944SSA,944
945RVS,945TTH,945SSA,945
946RVS,946TTH,946SSA,946
947RVS,947TTH,947SSA,947
948RVS,948TTH,948SSA,948
949RVS,949TTH,949SSA,949
950RVS,950TTH,950SSA,950
951RVS,951TTH,951SSA,951
952RVS,952TTH,952SSA,952
953RVS,953TTH,953SSA,953
954RVS,954TTH,954SSA,954
955RVS,955TTH,955SSA,955
956RVS,956TTH,956SSA,956
957RVS,957TTH,957SSA,957
958RVS,958TTH,958SSA,958
959RVS,959TTH,959SSA,959
960RVS,960TTH,960SSA,960
961RVS,961TTH,961SSA,961
962RVS,962TTH,962SSA,962
963RVS,963TTH,963SSA,963
964RVS,964TTH,964SSA,964
965RVS,965TTH,965SSA,965
966RVS,966TTH,966SSA,966
967RVS,967TTH,967SSA,967
968RVS,968TTH,968SSA,968
969RVS,969TTH,969SSA,969
970RVS,970TTH,970SSA,970
971RVS,971TTH,971SSA,971
972RVS,972TTH,972SSA,972
973RVS,973TTH,973SSA,973
974RVS,974TTH,974SSA,974
975RVS,975TTH,975SSA,975
976RVS,976TTH,976SSA,976
977RVS,977TTH,977SSA,977
978RVS,978TTH,978SSA,978
979RVS,979TTH,979SSA,979
980RVS,980TTH,980SSA,980
981RVS,981TTH,981SSA,981
982RVS,982TTH,982SSA,982
983RVS,983TTH,983SSA,983
984RVS,984TTH,984SSA,984
985RVS,985TTH,985SSA,985
986RVS,986TTH,986SSA,986
987RVS,987TTH,987SSA,987
988RVS,988TTH,988SSA,988
989RVS,989TTH,989SSA,989
990RVS,990TTH,990SSA,990
991RVS,991TTH,991SSA,991
992RVS,992TTH,992SSA,992
993RVS,993TTH,993SSA,993
994RVS,994TTH,994SSA,994
995RVS,995TTH,995SSA,995
996RVS,996TTH,996SSA,996
997RVS,997TTH,997SSA,997
998RVS,998TTH,998SSA,998
999RVS,999TTH,999SSA,999
1000RVS,1000TTH,1000SSA,1000
